sutta_id,source_path,sutta_word_count,sutta_first3,sutta_last3,commentary_word_count,commentary_first3,commentary_last3
1.1.1,an1\suttas\1.1.1.json,21,Thus have I,in Anathapindika spa,46,All the suttas,donated by Anathapindika
1.1.2,an1\suttas\1.1.2.json,228,Thus have I,a woman's heart,0,,
1.10.17,an1\suttas\1.10.17.json,97,Monks I know,that's the suta,451,These two suttas,not dharma then
1.13,an1\suttas\1.13.json,52,1 13 7,the Tath gata,104,As you all,the Buddha whereas
1.14,an1\suttas\1.14.json,141,Chief among those,sick is supiya,261,In this 1,her wound instantly
1.15.10,an1\suttas\1.15.10.json,55,The Buddha said,one to arise,399,commentry these these,difference one point
1.17.5,an1\suttas\1.17.5.json,167,Monks I know,world so here,0,,
1.18.13,an1\suttas\1.18.13.json,38,The Buddha said,finger snap and,505,The Buddha says,next sutta is
1.18.4,an1\suttas\1.18.4.json,169,Monks I know,we were at,0,,
1.19.2,an1\suttas\1.19.2.json,241,The Buddha says,the ghost realm,453,So basically what,and not four
1.19,an1\suttas\1.19.json,79,The Buddha said,that do not,610,Here the Buddha,the next is
1.2,an1\suttas\1.2.json,579,Monks I know,it is abandoned,533,So here the,do we accept
1.20.1,an1\suttas\1.20.1.json,75,The Buddha said,freedom from sickness,1236,So here the,ties one uh
1.20.2,an1\suttas\1.20.2.json,61,Monks if even,much of it,245,In this sutta,the next suta
1.21.47,an1\suttas\1.21.47.json,30,Monks those who,of the deathless,132,So here the,constitute the mind
1.3.1,an1\suttas\1.3.1.json,98,Monks I know,to great profit,488,I stopped here,to great profit
1.3.10,an1\suttas\1.3.10.json,70,Monks I know,brings great joy,167,So you see,cultivate our mind
1.5.10,an1\suttas\1.5.10.json,15,That mind monks,come from without,354,These are the,by ordinary mind
1.5.6,an1\suttas\1.5.6.json,125,But suppose monks,of his mind,199,okay now I,bright and still
1.5.8,an1\suttas\1.5.8.json,35,Monks I know,is that's all,150,This sutta is,mind with wisdom
1.6.3,an1\suttas\1.6.3.json,78,The Buddha said,such a thought,80,Here the Buddha,thismett l now
1.6.8,an1\suttas\1.6.8.json,0,,,0,,
1.8,an1\suttas\1.8.json,25,0 6 Of,wisdom and then,0,,
2.1.2,an2\suttas\2.1.2.json,73,Monks these two,bases of rebirth,204,the buddha is,far more important
2.1.3,an2\suttas\2.1.3.json,89,2 1 3,things that burn,143,so the buddha,next two times
2.1.5,an2\suttas\2.1.5.json,240,2 1 5,of the suta,209,there's a suta,the next is
2.1.6,an2\suttas\2.1.6.json,133,2 1 6,of the suta,384,so the buddha,difficult to practice
2.1.9,an2\suttas\2.1.9.json,124,2 1 9,of the sutta,198,so the buddha,the deva realm
2.10.1,an2\suttas\2.10.1.json,40,2 10 1,two and then,0,,
2.10.2,an2\suttas\2.10.2.json,37,2 10 2,are the two,95,so these two,we come to
2.11.2,an2\suttas\2.11.2.json,52,2 11 2,of the sutta,108,you see this,to find now
2.11.8,an2\suttas\2.11.8.json,24,2 11 8,consideration yoniso manasikara,0,,
2.11.9,an2\suttas\2.11.9.json,59,2 11 9,stream and arya,150,so here it,enter the stream
2.12.1,an2\suttas\2.12.1.json,51,2 12 1,sariputta and moghalana,83,now the reason,and all that
2.2.5,an2\suttas\2.2.5.json,389,2 2 5,of the suta,88,this suta is,or whatever two
2.3.9,an2\suttas\2.3.9.json,61,2 3 9,of the sutta,414,here the buddha,the buddha now
2.4.1,an2\suttas\2.4.1.json,122,2 4 1,of the suta,68,addis is telling,future the nexuta
2.4.2,an2\suttas\2.4.2.json,221,2 4 2,of the sutta,598,so here the,next suta is
2.4.4,an2\suttas\2.4.4.json,92,2 4 4,of the sutta,1251,now this is,one is father
2.5.6,an2\suttas\2.5.6.json,376,2 5 6,has the preeminence,454,here again the,the four nikayas
3.2.12,an3\suttas\3.2.12.json,296,buddha said monks,lives this uttar,62,basically only concerns,became an arahant
3.2.16,an3\suttas\3.2.16.json,408,Monks possessed of,of the asavas,1273,the buddha is,the next suta
3.2.19,an3\suttas\3.2.19.json,145,the buddha said,and vice versa,180,so in this,difficult to progress
3.3.26,an3\suttas\3.3.26.json,388,monks these three,in the world,184,now here the,next suta is
3.3,an3\suttas\3.3.json,494,monks there are,in the world,158,i think this,fall into now
3.4.34,an3\suttas\3.4.34.json,548,thus have i,i live happily,308,so here in,more stable happiness
3.4.35,an3\suttas\3.4.35.json,1227,buddha said monks,you so this,675,is uh also,in such places
3.4.39,an3\suttas\3.4.39.json,199,the buddha said,and that's the,448,end of the,the next suta
3.4.40,an3\suttas\3.4.40.json,721,buddha monks there,forms of dominance,247,This suta is,and brahmins now
3.4,an3\suttas\3.4.json,105,monks those families,to the world,49,commt hat is,respect for us
3.5.44,an3\suttas\3.5.44.json,43,the buddha said,of the suta,62,so here the,very good next
3.5.45,an3\suttas\3.5.45.json,43,the buddha said,uh that's the,521,end of the,the nexuta is
3.5.47,an3\suttas\3.5.47.json,80,the buddha said,of the unconditioned,34,so in this,is still around
3.6.56,an3\suttas\3.6.56.json,350,a certain brahmin,him for refuge,324,and this is,next utah is
3.6.57,an3\suttas\3.6.57.json,428,the wanderer came,of great fruit,329,this is uh,other people and
8.1.2,an8\suttas\8.1.2.json,991,is an important,next suta is,0,,
8.1.6,an8\suttas\8.1.6.json,404,buddha said monks,of the suta,368,so here these,next utah is
8.1.8,an8\suttas\8.1.8.json,881,once the verbal,of the sutta,127,which is quite,i come to
8.1.9,an8\suttas\8.1.9.json,503,the buddha said,of the suta,473,so we see,to the nexuta
8.1.10,an8\suttas\8.1.10.json,673,another important suta,of the sutta,331,so in this,next 2 times
8.2.11,an8\suttas\8.2.11.json,1943,once the exhaust,of the sutta,683,i'd just like,2 thai is
8.2.12,an8\suttas\8.2.12.json,2477,once the exalted,of the sutta,897,this is 1,with suta number
8.2.13,an8\suttas\8.2.13.json,623,the buddha said,next 2 times,0,,
8.2.14,an8\suttas\8.2.14.json,850,monks i will,next utah is,0,,
8.2.15,an8\suttas\8.2.15.json,91,the buddha said,of the sutta,58,so in this,next few times
8.2.17,an8\suttas\8.2.17.json,72,monks a woman,but the converse,0,,
8.2.18,an8\suttas\8.2.18.json,66,monks a man,of the suta,175,so these 2,and interesting suta
8.2.19,an8\suttas\8.2.19.json,1335,on 1 occasion,of the suta,868,it's 1 of,the nexuta is
8.2.20,an8\suttas\8.2.20.json,879,once the exalted,of the sutta,381,so uh you,next suta is
8.3.21,an8\suttas\8.3.21.json,910,once the exalted,of the sutta,961,it's quite an,another 1 suta
8.3.23,an8\suttas\8.3.23.json,188,once the exalted,the next utah,0,,
8.3.24,an8\suttas\8.3.24.json,335,once while the,the nexus is,0,,
8.3.25,an8\suttas\8.3.25.json,399,is quite a,of the sutta,411,this suta is,next suta is
8.3.27,an8\suttas\8.3.27.json,69,the buddha said,and next is,0,,
8.3.29,an8\suttas\8.3.29.json,491,buddha said timely,of the sutta,474,[Music] this this,and important suta
8.3.30,an8\suttas\8.3.30.json,1604,once the exalted,of the suta,1405,is a very,the nexus is
8.4.35,an8\suttas\8.4.35.json,374,monks there are,of the sutta,183,so here the,next utah is
8.4.36,an8\suttas\8.4.36.json,881,monks there are,the nexus is,0,,
8.4.37,an8\suttas\8.4.37.json,137,monks he gives,man the next,0,,
8.4.38,an8\suttas\8.4.38.json,231,monks when a,be pronounced ma,0,,
8.4.39,an8\suttas\8.4.39.json,372,the buddha said,of the sutta,106,so here the,the next is
8.4.40,an8\suttas\8.4.40.json,245,[Music] the buddha,of the sutta,426,here normally concerning,the nexuta is
8.5.46,an8\suttas\8.5.46.json,643,once the exalted,of the sutta,186,it's quite an,next suta is
8.5.49,an8\suttas\8.5.49.json,532,once while the,of the suta,102,so in this,===== the nexus
8.6.51,an8\suttas\8.6.51.json,1483,is quite an,of the sutta,1099,so we see,sasana is weakened
8.6.52,an8\suttas\8.6.52.json,199,once while the,of the sutta,125,i just recapitulate,the nexus is
8.6.53,an8\suttas\8.6.53.json,209,once in the,of the suta,72,so here the,opposite the nexus
8.6.54,an8\suttas\8.6.54.json,1128,once the exalted,of the sutta,257,so this suta,to this with
8.6.58,an8\suttas\8.6.58.json,160,the buddha said,of the sutta,211,so these are,===== in exodus
8.6.59,an8\suttas\8.6.59.json,116,monks there are,end of the,160,so here the,stream winner sutapana
8.7.62,an8\suttas\8.7.62.json,743,monks possessed of,of the sutta,33,i'm not going,next 2 times
8.7.63,an8\suttas\8.7.63.json,1115,a certain mung,of the sutta,399,so in this,buddha the nexuta
8.7.6,an8\suttas\8.7.6.json,623,once the exalted,of the sutta,210,this is quite,the nexus is
8.7.65,an8\suttas\8.7.65.json,452,month there are,next suta is,0,,
8.7.69,an8\suttas\8.7.69.json,182,monks there are,of the sutta,66,this is another,next utah is
8.8.74,an8\suttas\8.8.74.json,423,it was at,of the sutta,372,so this is,next bhuta is
8.8.70,an8\suttas\8.8.70.json,269,9 the buddha,next suta is,0,,
8.8.80,an8\suttas\8.8.80.json,901,monks there are,next suta is,0,,
8.9.81,an8\suttas\8.9.81.json,368,months when mindfulness,of the sutta,301,so here you,to suta number
8.9.82,an8\suttas\8.9.82.json,292,now the verbal,of the sutta,189,so from this,us the nexus
8.9.83,an8\suttas\8.9.83.json,223,monks if wanderers,them you know,0,,
8.9.86,an8\suttas\8.9.86.json,1305,once the exalted,of the sutta,330,so in the,life in exeter's
8.9.87,an8\suttas\8.9.87.json,302,monks the sangha,it the next,0,,
8.9.88,an8\suttas\8.9.88.json,250,mounts lay disciples,monk directly and,0,,
9.1.3,an9\suttas\9.1.3.json,941,this is quite,of the sutta,1113,so this is,down important 1
9.1.4,an9\suttas\9.1.4.json,1349,once when the,of the sutta,204,here the last,next to times
9.1,an9\suttas\9.1.json,1,9.1,9.1,0,,
9.1.5,an9\suttas\9.1.5.json,117,monks there are,power of wisdom,641,i'll just stop,we come to
9.1.7,an9\suttas\9.1.7.json,589,once when the,so nexuta is,0,,
9.1.9,an9\suttas\9.1.9.json,468,monks these 9,actually fruition attainers,0,,
9.1.10,an9\suttas\9.1.10.json,132,monks these 9,of the sutta,131,what is interesting,next bhutan is
9.2.11,an9\suttas\9.2.11.json,1227,once when the,of the sutta,468,so you see,at suta number
9.2.12,an9\suttas\9.2.12.json,1002,once when the,of the suta,395,so the last,next utah is
9.4.35,an9\suttas\9.4.35.json,1464,the buddha said,of the sutta,463,so this last,next suit is
9.4.36,an9\suttas\9.4.36.json,544,the buddha is,of the suta,305,so this is,world the nexuta
9.4.37,an9\suttas\9.4.37.json,1198,once available ananda,the next without,0,,
9.2.14,an9\suttas\9.2.14.json,143,now the variable,of the suta,222,this is 1,the nexus is
9.2.5,an9\suttas\9.2.5.json,159,the buddha said,of the suta,71,you see here,the nexus is
9.2.19,an9\suttas\9.2.19.json,622,it's quite an,of the sutta,532,that's quite an,rna4 path suta
9.2.20,an9\suttas\9.2.20.json,1378,is quite an,of the sutta,807,so here uh,Mahathera.txt ===== suta
9.4.38,an9\suttas\9.4.38.json,1304,[Music] now 2,of the sutta,371,so here the,the nexuta is
9.4.39,an9\suttas\9.4.39.json,498,the buddha said,of the suta,1584,so here the,now the nexus
9.2.21,an9\suttas\9.2.21.json,490,[Music] monks in,next 2 times,0,,
9.3.23,an9\suttas\9.3.23.json,115,monks i will,of the suta,73,so here the,full time is
9.3.26,an9\suttas\9.3.26.json,85,once when the,this to come,317,i'll just stop,come to suta
9.4.33,an9\suttas\9.4.33.json,1756,the buddha said,of the sutta,215,so after that,next 1 is
9.4.34,an9\suttas\9.4.34.json,663,[Music] 1 is,of the sutta,141,so similarly variable,come to the
9.4.14,an9\suttas\9.4.14.json,1606,once when the,of the sutta,240,so in this,in exeter is
9.4.42,an9\suttas\9.4.42.json,287,once when the,of the suta,252,so here the,then next is
9.5.43,an9\suttas\9.5.43.json,244,[Music] body witness,the next is,0,,
9.4.40,an9\suttas\9.4.40.json,95,4 uh liberated,feeling now so,294,this suta is,the next is
9.5.45,an9\suttas\9.5.45.json,415,liberated both ways,and attains liberation,0,,
10.2,an10\suttas\10.2.json,562,the buddha said,of the sutta,374,the beyond of,another suta is
10.8,an10\suttas\10.8.json,1896,the buddha said,of the suta,1020,so the 5,next term is
10.13,an10\suttas\10.13.json,1188,buddha said there,start with anguttanikaya,0,,
10.14,an10\suttas\10.14.json,1582,the buddha said,next suta is,0,,
10.17,an10\suttas\10.17.json,573,the buddha said,of the suta,1391,now i'll commend,Dhammavuddho Mahathera.txt =====
10.20,an10\suttas\10.20.json,807,once the exalted,of the suta,1023,now it is,is number 27
10.27,an10\suttas\10.27.json,1174,once the exalted,of the suta,5975,so here in,to the next
10.30,an10\suttas\10.30.json,1470,once on a,to uh anguttanikaya,0,,
10.31,an10\suttas\10.31.json,681,now the variable,of the suta,9028,what do you,to sutra number
10.63,an10\suttas\10.63.json,2105,and the buddha,of the suta,161,so here the,next sukta is
10.70,an10\suttas\10.70.json,567,2 once the,of the gupta,394,so here the,Dhammavuddho Mahathera.txt =====
10.73,an10\suttas\10.73.json,413,the buddha said,of the suta,424,so you see,the suta is
10.74,an10\suttas\10.74.json,102,the buddha said,of the suta,195,this suta is,to suta number
10.99,an10\suttas\10.99.json,2670,i skipped some,of the suta,60,so here the,the next suta
10.101,an10\suttas\10.101.json,145,the buddha said,of the suta,334,so here the,the next suta
10.177,an10\suttas\10.177.json,319,this is about,for a moment,1226,so here the,of the tense
10.205,an10\suttas\10.205.json,896,the buddha said,the whole suta,567,so here the,the next suta
10.21,an10\suttas\10.21.json,442,the buddha said,doing it yourself,0,,
11.6,an11\suttas\11.6.json,208,the buddha said,of the sutra,394,so here the,[Music] now suta
11.7,an11\suttas\11.7.json,316,remember ananda came,of the sutta,391,it's quite an,to the last
11.16,an11\suttas\11.16.json,176,the buddha said,of the suta,349,[Music] here i,the angutra nikaya
6.2.12,an6\suttas\6.2.12.json,252,the buddha said,of the suta,310,this suta but,view the nexuta
6.2.13,an6\suttas\6.2.13.json,1011,is an important,nexu thai 6,0,,
6.2.16,an6\suttas\6.2.16.json,839,[Music] once while,of the sutta,256,so you see,now the nexuta
6.2.17,an6\suttas\6.2.17.json,725,on 1 occasion,of the sutta,126,here the buddha,discuss them suta
6.2.18,an6\suttas\6.2.18.json,372,once when the,of the sutta,139,here the buddha,===== nexu tai
6.2.19,an6\suttas\6.2.19.json,898,once when the,the nexuta is,0,,
6.3.27,an6\suttas\6.3.27.json,411,now a certain,of the suta,317,here the buddha,is quite important
6.3.29,an6\suttas\6.3.29.json,685,the exalted 1,of the sutta,792,this is a,next suta is
6.3.30,an6\suttas\6.3.30.json,844,[Music] months these,of the sutta,233,here the buddha,next sutan is
6.4.3,an6\suttas\6.4.3.json,523,4 once when,of the sutta,322,is 1 of,next suta is
6.4.36,an6\suttas\6.4.36.json,265,monks these 6,of the suta,181,here the buddha,the nexu time
6.4.37,an6\suttas\6.4.37.json,355,is also quite,of the suta,297,so in this,measured suit number
6.4.30,an6\suttas\6.4.30.json,546,8 now a,next retire is,0,,
6.4.41,an6\suttas\6.4.41.json,156,that's have i,of the sutta,374,here an adapter,the buddha's teachings
6.5.44,an6\suttas\6.5.44.json,924,1 morning the,of the suta,296,here this lady,===== next to
6.5.45,an6\suttas\6.5.45.json,406,the buddha said,of the suta,287,so the buddha,next futa is
6.5.46,an6\suttas\6.5.46.json,535,thus have i,of the sutta,185,in this utah,the next suta
6.5.4,an6\suttas\6.5.4.json,288,once when the,of the sutta,116,this suitcase shows,the next utah
6.5.50,an6\suttas\6.5.50.json,374,1 now the,of the sutta,190,there is another,monks in executive
6.5.53,an6\suttas\6.5.53.json,224,then another brahmin,of the sutta,314,this word earnestness,the next utah
6.5.54,an6\suttas\6.5.54.json,425,now brahmin januszoni,===== suta number,0,,
6.6.55,an6\suttas\6.6.55.json,954,[Music] is 1,of the suta,321,this is 1,next 2 thai
6.6.50,an6\suttas\6.6.50.json,928,6 now at,of the suta,392,so in this,aryah or arahan
6.6.57,an6\suttas\6.6.57.json,1124,once when the,of the suta,235,so here the,nexu tie is
6.6.59,an6\suttas\6.6.59.json,305,once when the,of the suta,274,you see this,a good suitable
6.6.60,an6\suttas\6.6.60.json,1490,once when the,of the suta,275,this sutra is,the next utah
6.6.61,an6\suttas\6.6.61.json,704,once when the,of the suta,1254,[Music] this buddha,to suta number
6.6.63,an6\suttas\6.6.63.json,1980,it's quite a,of the sutta,394,so the last,to endure [Music]
6.6.64,an6\suttas\6.6.64.json,448,monks there are,of the suta,903,here the buddha,the nexuta is
6.7.69,an6\suttas\6.7.69.json,261,now when the,of the sutta,136,so in this,the next suta
6.7.70,an6\suttas\6.7.70.json,149,the buddha said,of the suta,137,here the buddha,next few times
6.8.78,an6\suttas\6.8.78.json,102,monks if a,of the suta,171,destroying the asavas,can renounce thinking
4.1.3,an4\suttas\4.1.3.json,168,the buddha said,are the 4,217,so here the,of our actions
4.1.4,an4\suttas\4.1.4.json,296,the buddha said,next 2 times,0,,
4.1.7,an4\suttas\4.1.7.json,249,the buddha said,next 2 times,0,,
4.2.13,an4\suttas\4.2.13.json,147,the buddha said,4 right efforts,225,this suta is,with it is
4.2.14,an4\suttas\4.2.14.json,171,monks there are,effort to restrain,1291,i just stopped,next utah is
4.3.22,an4\suttas\4.3.22.json,1174,on a certain,thanks to ties,0,,
4.3.24,an4\suttas\4.3.24.json,792,on a certain,next suitor is,0,,
4.3.25,an4\suttas\4.3.25.json,264,monks this holy,next utah is,0,,
4.3.28,an4\suttas\4.3.28.json,1064,buddha said monks,the suttas is,0,,
4.4.31,an4\suttas\4.4.31.json,481,monks there are,next suta is,0,,
4.4.32,an4\suttas\4.4.32.json,319,monks there are,next 2 times,0,,
4.4.30,an4\suttas\4.4.30.json,781,3 the buddha,now this is,0,,
4.4.35,an4\suttas\4.4.35.json,1983,on a certain,of the suta,43,here so it's,next utah is
4.4.36,an4\suttas\4.4.36.json,608,on a certain,uh sudan number,0,,
4.4.37,an4\suttas\4.4.37.json,709,the buddha said,1 mentioned in,354,this suta is,to another suta
4.5.41,an4\suttas\4.5.41.json,880,this is quite,for a while,965,so here the,next suta is
4.5.49,an4\suttas\4.5.49.json,329,monks there are,next 2 ties,0,,
4.5.50,an4\suttas\4.5.50.json,74,ah this is,the 4 stains,1425,i just stopped,next suta is
4.6.51,an4\suttas\4.6.51.json,362,the buddha said,mass of merit,153,so in this,we come to
4.6.5,an4\suttas\4.6.5.json,653,on a certain,the nexuta is,0,,
4.6.57,an4\suttas\4.6.57.json,522,on a certain,next suta is,0,,
4.6.60,an4\suttas\4.6.60.json,237,now the house,the nexus is,0,,
4.7.61,an4\suttas\4.7.61.json,1244,now the house,of the suta,570,now this is,to suta number
4.7.62,an4\suttas\4.7.62.json,381,on the book,of the suta,757,[Music] you see,to another suta
4.7.67,an4\suttas\4.7.67.json,325,on a certain,of the suta,502,the last part,the nexus is
4.7.70,an4\suttas\4.7.70.json,240,[Music] the buddha,the sutra so,359,this suta is,to another suta
4.8,an4\suttas\4.8.json,547,the buddha said,suta [Music] nikaya,0,,
4.100,an4\suttas\4.100.json,209,where the buddha,the nexus is,0,,
4.8.70,an4\suttas\4.8.70.json,377,4 uh but,next suta uh,0,,
4.8.77,an4\suttas\4.8.77.json,569,the buddha said,to suta number,0,,
4.8.79,an4\suttas\4.8.79.json,402,now the vulnerable,of the suta,587,here the buddha,next utah is
4.9.85,an4\suttas\4.9.85.json,1056,the buddha said,do about meditation,0,,
4.9.87,an4\suttas\4.9.87.json,953,monks these 4,gonna read is,0,,
4.9.89,an4\suttas\4.9.89.json,1148,the buddha said,in the world,668,this suta is,for angutra nikaya
4.170,an4\suttas\4.170.json,115,wherever ananda says,about the same,0,,
4.10.94,an4\suttas\4.10.94.json,214,it's almost the,the next is,0,,
4.10.95,an4\suttas\4.10.95.json,327,the buddha said,can see that,474,this suta is,to another suta
4.10.100,an4\suttas\4.10.100.json,1343,protalia the wanderer,of this person,535,i'll just stop,i come nearly
4.11.110,an4\suttas\4.11.110.json,335,monks there are,to another suta,0,,
4.12.100,an4\suttas\4.12.100.json,177,and 11 now,a tameable man,3999,i'll just stop,to sudan number
4.12.115,an4\suttas\4.12.115.json,718,the buddha said,we come to,0,,
4.13.100,an4\suttas\4.13.100.json,1656,and 20 2,of the suta,1906,so this last,come to is
4.14.100,an4\suttas\4.14.100.json,624,and 30 8,we come to,0,,
4.15.100,an4\suttas\4.15.100.json,306,and 40 7,to another suta,0,,
4.16,an4\suttas\4.16.json,93,157 the buddha,asavas are destroyed,2553,i'll just stop,to suta number
4.17.100,an4\suttas\4.17.100.json,581,and 60 2,of the sutta,504,this buddha is,how this applied
4.17.167,an4\suttas\4.17.167.json,149,the variable sariputa,of the sutta,190,so in this,and then suta
4.17,an4\suttas\4.17.json,107,168. now the,asavas without grasping,1532,so in this,we come to
4.18.100,an4\suttas\4.18.100.json,1206,and 70 1,important suita also,0,,
4.18.174,an4\suttas\4.18.174.json,306,the verbal kotita,which is that,499,this suta is,or nothing exists
4.18,an4\suttas\4.18.json,579,175 the variable,to suta number,0,,
4.18.1,an4\suttas\4.18.1.json,744,7 9 now,to sutta number,0,,
4.18.180,an4\suttas\4.18.180.json,1178,on a certain,of the suta,669,so here the,come to asuta
4.19.183,an4\suttas\4.19.183.json,838,on a certain,to another suta,0,,
4.19.184,an4\suttas\4.19.184.json,1281,now the brahmin,the nexus is,0,,
4.19.185,an4\suttas\4.19.185.json,746,on a certain,of the sutta,455,so in this,come to another
4.19,an4\suttas\4.19.json,579,186. now a,of the suta,334,so you see,end of this
4.19.190,an4\suttas\4.19.190.json,1436,[Music] on a,come to suta,0,,
4.20.1,an4\suttas\4.20.1.json,1053,9 1 the,the next suta,0,,
4.20.192,an4\suttas\4.20.192.json,1259,the buddha said,of the sutta,771,and this suta,the next suta
4.20.194,an4\suttas\4.20.194.json,3636,on a certain,of the suta,434,so you see,to the nexuta
4.20.196,an4\suttas\4.20.196.json,1131,on a certain,of the sutta,786,now this is,utah nikaya 46.
4.20.197,an4\suttas\4.20.197.json,1453,[Music] on a,of the sutta,81,so you see,to another suta
4.20.198,an4\suttas\4.20.198.json,3880,the buddha said,of the suta,476,so here in,Dhammavuddho Mahathera.txt =====
4.21.201,an4\suttas\4.21.201.json,216,the buddha said,of the sutta,143,in this uttar,evil is multiplied
4.24,an4\suttas\4.24.json,626,232 the buddha,of the suta,531,so here in,waning of deeds
4.25.244,an4\suttas\4.25.244.json,248,[Music] the buddha,of the suta,413,here the buddha,then the nexus
4.25.245,an4\suttas\4.25.245.json,53,the buddha said,of the suta,431,so here what,the next suta
4.25.246,an4\suttas\4.25.246.json,83,the buddha said,of the suta,283,so here you,accordance with dhamma
4.20,an4\suttas\4.20.json,171,6.2 5 5,of the sutta,606,so the buddha,make much progress
4.27.261,an4\suttas\4.27.261.json,257,the buddha said,these few things,0,,
5.1.2,an5\suttas\5.1.2.json,1344,buddha said monks,next utah is,0,,
5.1.5,an5\suttas\5.1.5.json,170,the buddha said,of the suta,672,so here the,to another sutra
5.2.14,an5\suttas\5.2.14.json,417,the buddha said,of the suta,533,here we come,janas suta number
5.2.15,an5\suttas\5.2.15.json,1025,the buddha said,to suta number,0,,
5.3.22,an5\suttas\5.3.22.json,189,the buddha said,of the suta,526,so here the,come to suta
5.3.26,an5\suttas\5.3.26.json,477,and this is,of the sutta,670,this is a,the nexuta is
5.3.27,an5\suttas\5.3.27.json,177,the buddha said,of the suta,611,this is another,the nexus is
5.3.28,an5\suttas\5.3.28.json,1012,monks i will,of the sutta,481,in this case,he comes with
5.3.29,an5\suttas\5.3.29.json,156,the buddha said,next few times,0,,
5.3.30,an5\suttas\5.3.30.json,674,once the exalted,of the sutta,627,this is an,Dhammavuddho Mahathera.txt =====
5.4.30,an5\suttas\5.4.30.json,485,1 once the,of the suta,350,here in this,a samasan buddha
5.4.32,an5\suttas\5.4.32.json,479,once the exalted,of the sutta,676,so here the,the buddha suta
5.4.33,an5\suttas\5.4.33.json,475,once the exalted,of the suta,312,this is 1,the next is
5.4.34,an5\suttas\5.4.34.json,386,once the exalted,of the suta,148,so here there,him now another
5.4.36,an5\suttas\5.4.36.json,479,the buddha said,the timely gifts,0,,
5.4.13,an5\suttas\5.4.13.json,610,[Music] buddha said,do that is,0,,
5.4.40,an5\suttas\5.4.40.json,370,the buddha said,===== and exercised,0,,
5.5.42,an5\suttas\5.5.42.json,109,the buddha said,of the sutta,209,here buddha saying,the nexus is
5.5.43,an5\suttas\5.5.43.json,391,anata pindika the,of the sutta,914,so here the,the nexuta is
5.5.44,an5\suttas\5.5.44.json,521,once the exhausted,of the suta,576,in this utah,next utah is
5.5.48,an5\suttas\5.5.48.json,607,[Music] the buddha,of the sutta,283,here basically saying,to suta number
5.5.50,an5\suttas\5.5.50.json,465,1 once the,of the suta,446,this utah is,next futa is
5.6.52,an5\suttas\5.6.52.json,105,the buddha said,of the suta,36,here again the,===== the nexus
5.6.53,an5\suttas\5.6.53.json,148,in the buddha,of the suta,291,here the buddha,next futa is
5.6.54,an5\suttas\5.6.54.json,383,buddha said monks,times for striving,464,so here the,the nexus is
5.6.55,an5\suttas\5.6.55.json,365,once when the,of the suta,208,this suta what,the next suta
5.6.56,an5\suttas\5.6.56.json,531,now a certain,of the suta,243,so you see,the nexuta is
5.6.57,an5\suttas\5.6.57.json,768,is 1 of,of the sutta,1001,this is 1,the nexuta is
5.6.58,an5\suttas\5.6.58.json,666,at 1 time,of the sutta,394,here in this,the nexus [Music]
5.6.59,an5\suttas\5.6.59.json,81,the buddha monks,of the sutta,159,you hear the,next 1 in
5.7.65,an5\suttas\5.7.65.json,98,monks endowed with,of the sutta,175,basically what this,we can get
5.8.73,an5\suttas\5.8.73.json,480,now a certain,of the suta,397,here the buddha,the next is
5.8.75,an5\suttas\5.8.75.json,1428,the buddha said,of the suta,275,here this is,come to is
5.8.77,an5\suttas\5.8.77.json,442,in the next,of the suta,290,here this is,next 2 times
5.8.78,an5\suttas\5.8.78.json,563,the buddha said,of the sutta,185,so this suta,1 is sutra
5.8.79,an5\suttas\5.8.79.json,600,monks these 5,secluded life so,917,this suta is,next utah is
5.8.80,an5\suttas\5.8.80.json,1514,nines there are,to suta number,0,,
5.9.80,an5\suttas\5.9.80.json,437,8 the buddha,the sutala now,379,this suta is,Dhammavuddho Mahathera.txt =====
5.9.89,an5\suttas\5.9.89.json,551,buddha said monks,of the suta,5,and the next,next few times
5.9.90,an5\suttas\5.9.90.json,400,monks these 5,next few times,0,,
5.10.96,an5\suttas\5.10.96.json,157,monks possess the,of the suta,140,so here this,liberation and exercise
5.10.99,an5\suttas\5.10.99.json,202,monks in the,of the suta,401,so here the,the nexus is
5.10,an5\suttas\5.10.json,531,100. now the,of the sutta,701,this reveals a,next 2 times
5.11.1,an5\suttas\5.11.1.json,105,0 2 1,of the sutta,176,this suta is,next 1 is
5.12.111,an5\suttas\5.12.111.json,74,monks pursuing 5,of the suta,199,that means among,next utah is
5.12.112,an5\suttas\5.12.112.json,80,monks acting in,of the sutra,674,this suta is,etc nexuta is
5.12.113,an5\suttas\5.12.113.json,48,monks possessed of,of the suta,154,here this is,the nexuta is
5.12.114,an5\suttas\5.12.114.json,328,on 1 occasion,of the sutta,308,it's quite an,nexus is point
5.13.1,an5\suttas\5.13.1.json,419,2 1 on,next utah is,0,,
5.13.123,an5\suttas\5.13.123.json,140,monks possessing 5,of the sutta,152,here this is,sick the next
5.13.124,an5\suttas\5.13.124.json,117,monks possessing 5,of the suta,157,here is talking,next utah is
5.13.127,an5\suttas\5.13.127.json,67,[Music] monks pursuing,of the sutta,108,this refers to,next suta is
5.13.129,an5\suttas\5.13.129.json,66,[Music] monks 5,of the suta,100,this suta refers,next suta is
5.13.130,an5\suttas\5.13.130.json,634,monks there are,of the sutta,94,here the buddha,the next suta
5.14.1,an5\suttas\5.14.1.json,102,monks these 5,of the suta,97,so you see,next 2 times
5.15.100,an5\suttas\5.15.100.json,300,and 40 1,of the suta,1107,here the first,===== the nexuta
5.15,an5\suttas\5.15.json,438,144 once while,of the suta,1171,this is 1,next guitar is
5.15.147,an5\suttas\5.15.147.json,51,monks these 5,of the sutta,357,this describes how,next futa is
5.15.1,an5\suttas\5.15.1.json,224,4 8 monks,of the suta,1355,now this is,next few times
5.15.149,an5\suttas\5.15.149.json,65,buddha said monks,of the suta,180,what is among,the filters earlier
5.16.1,an5\suttas\5.16.1.json,777,5 5 monks,Dhammavuddho Mahathera.txt =====,0,,
5.16.157,an5\suttas\5.16.157.json,208,monks to 5,of the suta,459,so you see,the monks number
5.6.100,an5\suttas\5.6.100.json,216,and 50 9,of the sutta,174,the other day,next 2 times
5.17.161,an5\suttas\5.17.161.json,499,[Music] the buddha,karma the next,0,,
5.17.162,an5\suttas\5.17.162.json,1053,[Music] the variable,of the sutta,363,this is 1,next with times
5.17.1,an5\suttas\5.17.1.json,1145,60 6 the,of the sutta,121,so you see,the next utah
5.17.167,an5\suttas\5.17.167.json,1069,the variable sarikuta,next to ties,0,,
5.18.175,an5\suttas\5.18.175.json,157,the buddha said,of the suta,95,this sutra although,of manga [Music]
5.18.176,an5\suttas\5.18.176.json,280,then the householder,of the suta,496,here uh the,next suta is
5.18.177,an5\suttas\5.18.177.json,50,the buddha said,lay disciple on,138,this suta is,laypersons the nexus
5.18.179,an5\suttas\5.18.179.json,568,[Music] now the,of the suta,810,here the buddha,this with ties
5.18.180,an5\suttas\5.18.180.json,1029,once the exalted,of the suta,370,this is quite,the nexus is
5.19.181,an5\suttas\5.19.181.json,241,the buddha said,next suta is,0,,
5.20.191,an5\suttas\5.20.191.json,315,the buddha said,of the suta,622,this is quite,next few times
5.23.192,an5\suttas\5.23.192.json,1954,now brahmin dhona,of the sutta,396,this is 1,next suta is
5.20.196,an5\suttas\5.20.196.json,1187,buddha said monks,next utah is,0,,
5.20,an5\suttas\5.20.json,89,the buddha said,of the suta,143,here the buddha,next futon is
5.20.199,an5\suttas\5.20.199.json,187,monks when virtuous,of the sutta,529,is saying when,camera now this
5.21.201,an5\suttas\5.21.201.json,214,once when the,of the suta,365,this is 1,the moment number
5.25,an5\suttas\5.25.json,85,it is said,suta angutta nikaya,0,,
5.26,an5\suttas\5.26.json,49,that it is,next suta is,0,,
5.21.2,an5\suttas\5.21.2.json,137,the buddha said,the nexus is,0,,
5.21.209,an5\suttas\5.21.209.json,185,monks there are,===== and exercise,0,,
5.22.211,an5\suttas\5.22.211.json,238,monks that monk,the nexus is,0,,
5.22.213,an5\suttas\5.22.213.json,446,buddha said monks,the next suta,0,,
5.23.223,an5\suttas\5.23.223.json,78,monks there are,of the sutta,251,during the buddha's,the nexus is
5.23.226,an5\suttas\5.23.226.json,95,monks there are,too much so,105,this suta is,next utah ties
5.24.234,an5\suttas\5.24.234.json,201,monks if among,next 2 times,0,,
5.24.235,an5\suttas\5.24.235.json,196,months if among,next utah is,0,,
5.25.250,an5\suttas\5.25.250.json,260,monks there are,of the sutta,176,i think you,next few times
5.26.254,an5\suttas\5.26.254.json,58,monks there are,of the sutta,237,yeah there are,dharma or not
7.1.4,an7\suttas\7.1.4.json,367,monks there are,of the suta,273,here there are,next few times
7.1.6,an7\suttas\7.1.6.json,296,monks there are,the next future,0,,
7.2.13,an7\suttas\7.2.13.json,78,monks not having,of the suta,289,in the 1,next utah is
7.3.19,an7\suttas\7.3.19.json,561,once the exalted,remember to practice,0,,
7.3.21,an7\suttas\7.3.21.json,545,thus have i,the next utah,0,,
7.3.22,an7\suttas\7.3.22.json,312,monks i will,partial success nexus,0,,
7.3.23,an7\suttas\7.3.23.json,44,monks i will,of the suta,107,here's another 7,next utah is
7.3.20,an7\suttas\7.3.20.json,206,4 monks i,the nexukta is,0,,
7.3.25,an7\suttas\7.3.25.json,294,monks i will,remember the nexus,0,,
7.3.27,an7\suttas\7.3.27.json,81,monks these 7,of the suta,222,these 7 things,us the nexus
7.4.35,an7\suttas\7.4.35.json,254,monks let a,then the nexus,0,,
7.4.38,an7\suttas\7.4.38.json,97,monks endowed with,of the suta,115,this uttar is,next we tie
7.4.39,an7\suttas\7.4.39.json,437,1 morning while,of the sutta,238,so here the,Mahathera.txt ===== nexus
7.5.42,an7\suttas\7.5.42.json,56,monks these 7,of the suta,198,here the buddha,is needed number
7.5.44,an7\suttas\7.5.44.json,1652,once when the,of the suta,322,so in the,important suta a
7.5.40,an7\suttas\7.5.40.json,924,6 in the,of the sutta,361,here in this,is sutter number
7.5.47,an7\suttas\7.5.47.json,562,now brahmin januszoni,of the suta,474,so here the,next utah is
7.5.49,an7\suttas\7.5.49.json,103,once when the,on their right,735,i just stopped,next suta is
7.5.50,an7\suttas\7.5.50.json,1263,once the verbal,of the sutta,107,so you see,next utah is
7.6.51,an7\suttas\7.6.51.json,569,now a certain,next suta is,0,,
7.6.52,an7\suttas\7.6.52.json,1595,the buddha said,Mahathera.txt ===== is,0,,
7.6.53,an7\suttas\7.6.53.json,1232,once when the,of the sutta,101,here the brahmatisa,next suta is
7.6.54,an7\suttas\7.6.54.json,502,once while the,of the suta,269,so when this,come to suta
7.6.56,an7\suttas\7.6.56.json,156,once when the,of the suta,242,this is 1,next utah is
7.6.57,an7\suttas\7.6.57.json,73,monks holding fast,of the suta,106,here are mentioned,and next to
7.6.58,an7\suttas\7.6.58.json,932,once while the,of the sutta,664,is quite an,the next utah
7.6.59,an7\suttas\7.6.59.json,223,the buddha said,of the suta,1092,and here the,next utah is
7.6.60,an7\suttas\7.6.60.json,731,the buddha said,of the suta,346,so this suta,very interesting suta
7.7.62,an7\suttas\7.7.62.json,2144,once the exalted,of the sutta,538,so on this,to sudan number
7.7.63,an7\suttas\7.7.63.json,1652,the buddha said,of the sutta,1202,this suta is,7 point sorry
7.7.64,an7\suttas\7.7.64.json,774,the buddha said,of the suta,381,here there are,the next suta
7.7.65,an7\suttas\7.7.65.json,237,is also an,lara parichataka tree,924,i just stopped,next suta is
7.7.66,an7\suttas\7.7.66.json,219,now there are,better reckon so,1220,i'll just stop,next utah is
7.7.67,an7\suttas\7.7.67.json,912,this is another,of the suta,390,this is a,to suta number
7.7.68,an7\suttas\7.7.68.json,1915,is quite an,of the sutta,300,this is quite,the nexuta 7
7.7.69,an7\suttas\7.7.69.json,248,is another very,of the sutta,544,so in this,the next utah
7.7.70,an7\suttas\7.7.70.json,1100,the buddha said,of the sutta,719,and it's quite,2 ties room
7.8.71,an7\suttas\7.8.71.json,233,monks possessed of,of the asava's,0,,
